,url
0,<Response [200]>
1,<Response [200]>
2,<Response [200]>
3,<Response [200]>
4,<Response [200]>
5,<Response [200]>
6,<Response [200]>
7,<Response [200]>
8,<Response [200]>
9,<Response [200]>
10,<Response [200]>
11,<Response [200]>
12,<Response [200]>
13,<Response [200]>
14,<Response [200]>
15,<Response [200]>
16,<Response [200]>
17,<Response [200]>
18,<Response [200]>
19,<Response [200]>
20,<Response [200]>
21,<Response [200]>
22,<Response [200]>
23,<Response [200]>
24,<Response [200]>
25,<Response [200]>
26,<Response [200]>
27,<Response [200]>
28,<Response [200]>
29,<Response [200]>
30,<Response [200]>
31,<Response [200]>
32,<Response [200]>
33,<Response [200]>
